Date,RegionID,Target
2024-01-01,R01,1198184
2024-01-01,R02,962580
2024-01-01,R03,1357573
2024-01-01,R04,1207783
2024-01-01,R05,1191129
2024-01-01,R06,836055
2024-01-01,R07,843560
2024-01-01,R08,1094993
2024-01-01,R09,1352820
2024-01-01,R10,884353
2024-01-01,R11,1364599
2024-01-01,R12,1210508
2024-01-01,R13,1114172
2024-01-01,R14,1254522
2024-01-01,R15,842671
2024-01-01,R16,947030
2024-01-01,R17,1270471
2024-01-01,R18,906007
2024-02-01,R01,1106341
2024-02-01,R02,1405922
2024-02-01,R03,887462
2024-02-01,R04,849178
2024-02-01,R05,1198676
2024-02-01,R06,1137820
2024-02-01,R07,1229787
2024-02-01,R08,1508147
2024-02-01,R09,975690
2024-02-01,R10,1245602
2024-02-01,R11,1081927
2024-02-01,R12,1280597
2024-02-01,R13,942788
2024-02-01,R14,1010108
2024-02-01,R15,951467
2024-02-01,R16,1157886
2024-02-01,R17,937469
2024-02-01,R18,829878
2024-03-01,R01,1365504
2024-03-01,R02,1217404
2024-03-01,R03,1382144
2024-03-01,R04,977917
2024-03-01,R05,1565873
2024-03-01,R06,1095789
2024-03-01,R07,1096528
2024-03-01,R08,1291234
2024-03-01,R09,877272
2024-03-01,R10,1442127
2024-03-01,R11,912503
2024-03-01,R12,1546491
2024-03-01,R13,1211066
2024-03-01,R14,1039780
2024-03-01,R15,1541227
2024-03-01,R16,967777
2024-03-01,R17,1209744
2024-03-01,R18,1450541
2024-04-01,R01,879562
2024-04-01,R02,1017723
2024-04-01,R03,1398187
2024-04-01,R04,1122147
2024-04-01,R05,1576744
2024-04-01,R06,1358316
2024-04-01,R07,1187681
2024-04-01,R08,1458053
2024-04-01,R09,1500626
2024-04-01,R10,1315361
2024-04-01,R11,1180541
2024-04-01,R12,966022
2024-04-01,R13,1164557
2024-04-01,R14,922140
2024-04-01,R15,1070496
2024-04-01,R16,1368292
2024-04-01,R17,1175099
2024-04-01,R18,1236433
2024-05-01,R01,1310580
2024-05-01,R02,1518777
2024-05-01,R03,1191360
2024-05-01,R04,1232392
2024-05-01,R05,939103
2024-05-01,R06,886117
2024-05-01,R07,1424396
2024-05-01,R08,1410817
2024-05-01,R09,1473192
2024-05-01,R10,1160482
2024-05-01,R11,1253877
2024-05-01,R12,1567875
2024-05-01,R13,907025
2024-05-01,R14,1085771
2024-05-01,R15,1058882
2024-05-01,R16,1491645
2024-05-01,R17,1209839
2024-05-01,R18,928241
2024-06-01,R01,934484
2024-06-01,R02,860233
2024-06-01,R03,1546791
2024-06-01,R04,1339880
2024-06-01,R05,1052130
2024-06-01,R06,1064088
2024-06-01,R07,1327155
2024-06-01,R08,914289
2024-06-01,R09,866916
2024-06-01,R10,1196391
2024-06-01,R11,1328800
2024-06-01,R12,986011
2024-06-01,R13,1487582
2024-06-01,R14,1159627
2024-06-01,R15,862724
2024-06-01,R16,1202959
2024-06-01,R17,1515004
2024-06-01,R18,1571542
2024-07-01,R01,1383787
2024-07-01,R02,1211651
2024-07-01,R03,975452
2024-07-01,R04,1379550
2024-07-01,R05,1104066
2024-07-01,R06,1159832
2024-07-01,R07,951768
2024-07-01,R08,871022
2024-07-01,R09,1220823
2024-07-01,R10,1016624
2024-07-01,R11,1067099
2024-07-01,R12,1085797
2024-07-01,R13,1595063
2024-07-01,R14,1281746
2024-07-01,R15,1130883
2024-07-01,R16,1569262
2024-07-01,R17,1362636
2024-07-01,R18,983810
2024-08-01,R01,915290
2024-08-01,R02,1143426
2024-08-01,R03,1535933
2024-08-01,R04,1071036
2024-08-01,R05,1290216
2024-08-01,R06,1290874
2024-08-01,R07,1103305
2024-08-01,R08,1308025
2024-08-01,R09,1387337
2024-08-01,R10,1099397
2024-08-01,R11,1472756
2024-08-01,R12,1564708
2024-08-01,R13,1168820
2024-08-01,R14,1176710
2024-08-01,R15,1090696
2024-08-01,R16,1023629
2024-08-01,R17,1523978
2024-08-01,R18,904683
2024-09-01,R01,1281241
2024-09-01,R02,1027629
2024-09-01,R03,951726
2024-09-01,R04,1406710
2024-09-01,R05,904565
2024-09-01,R06,1500483
2024-09-01,R07,1504580
2024-09-01,R08,1109922
2024-09-01,R09,1517168
2024-09-01,R10,1198074
2024-09-01,R11,1353473
2024-09-01,R12,1105886
2024-09-01,R13,1406850
2024-09-01,R14,1515801
2024-09-01,R15,1261337
2024-09-01,R16,948671
2024-09-01,R17,1218316
2024-09-01,R18,1311338
2024-10-01,R01,1321043
2024-10-01,R02,1049504
2024-10-01,R03,1566854
2024-10-01,R04,1047005
2024-10-01,R05,1132164
2024-10-01,R06,1049921
2024-10-01,R07,1557871
2024-10-01,R08,1187213
2024-10-01,R09,1461155
2024-10-01,R10,1495047
2024-10-01,R11,1731980
2024-10-01,R12,1349617
2024-10-01,R13,1193171
2024-10-01,R14,1387500
2024-10-01,R15,961924
2024-10-01,R16,1563674
2024-10-01,R17,1016428
2024-10-01,R18,1704647
2024-11-01,R01,1366480
2024-11-01,R02,1048173
2024-11-01,R03,1583386
2024-11-01,R04,1507181
2024-11-01,R05,1556714
2024-11-01,R06,1405853
2024-11-01,R07,1652980
2024-11-01,R08,1112380
2024-11-01,R09,1121681
2024-11-01,R10,1557046
2024-11-01,R11,1631278
2024-11-01,R12,1478368
2024-11-01,R13,1402111
2024-11-01,R14,1709471
2024-11-01,R15,1502716
2024-11-01,R16,1627703
2024-11-01,R17,1373279
2024-11-01,R18,1719263
2024-12-01,R01,974274
2024-12-01,R02,1422144
2024-12-01,R03,1627364
2024-12-01,R04,1326653
2024-12-01,R05,1130252
2024-12-01,R06,1319529
2024-12-01,R07,1103859
2024-12-01,R08,1638226
2024-12-01,R09,1277045
2024-12-01,R10,1032839
2024-12-01,R11,1538355
2024-12-01,R12,1772794
2024-12-01,R13,1230312
2024-12-01,R14,1517862
2024-12-01,R15,1358146
2024-12-01,R16,1280838
2024-12-01,R17,1267926
2024-12-01,R18,957578
2025-01-01,R01,1036705
2025-01-01,R02,1019502
2025-01-01,R03,1444031
2025-01-01,R04,1510322
2025-01-01,R05,896209
2025-01-01,R06,830274
2025-01-01,R07,891192
2025-01-01,R08,1379481
2025-01-01,R09,1285655
2025-01-01,R10,1150084
2025-01-01,R11,1024456
2025-01-01,R12,996930
2025-01-01,R13,931347
2025-01-01,R14,1448567
2025-01-01,R15,1215282
2025-01-01,R16,930831
2025-01-01,R17,1403270
2025-01-01,R18,1276824
2025-02-01,R01,1114087
2025-02-01,R02,1314507
2025-02-01,R03,1195379
2025-02-01,R04,1495781
2025-02-01,R05,995283
2025-02-01,R06,1414712
2025-02-01,R07,1201451
2025-02-01,R08,1124062
2025-02-01,R09,880257
2025-02-01,R10,880725
2025-02-01,R11,921175
2025-02-01,R12,1491346
2025-02-01,R13,1191344
2025-02-01,R14,1307073
2025-02-01,R15,1285033
2025-02-01,R16,1477036
2025-02-01,R17,1465156
2025-02-01,R18,1453762
2025-03-01,R01,1007357
2025-03-01,R02,1493973
2025-03-01,R03,1579561
2025-03-01,R04,980515
2025-03-01,R05,1424724
2025-03-01,R06,1197028
2025-03-01,R07,1319276
2025-03-01,R08,1186031
2025-03-01,R09,1035720
2025-03-01,R10,1257267
2025-03-01,R11,995169
2025-03-01,R12,1127005
2025-03-01,R13,908548
2025-03-01,R14,1242464
2025-03-01,R15,1265679
2025-03-01,R16,1405368
2025-03-01,R17,1030550
2025-03-01,R18,882783
2025-04-01,R01,1500071
2025-04-01,R02,923792
2025-04-01,R03,1435946
2025-04-01,R04,1370317
2025-04-01,R05,959888
2025-04-01,R06,1428921
2025-04-01,R07,1254836
2025-04-01,R08,1475132
2025-04-01,R09,1359125
2025-04-01,R10,1236245
2025-04-01,R11,1033675
2025-04-01,R12,851112
2025-04-01,R13,1036138
2025-04-01,R14,1552749
2025-04-01,R15,1470372
2025-04-01,R16,1291464
2025-04-01,R17,860144
2025-04-01,R18,945327
2025-05-01,R01,1031209
2025-05-01,R02,1221312
2025-05-01,R03,1128332
2025-05-01,R04,862362
2025-05-01,R05,1481679
2025-05-01,R06,1555364
2025-05-01,R07,1416365
2025-05-01,R08,1566154
2025-05-01,R09,1057630
2025-05-01,R10,1241315
2025-05-01,R11,1339960
2025-05-01,R12,1347826
2025-05-01,R13,1205084
2025-05-01,R14,1198102
2025-05-01,R15,986326
2025-05-01,R16,1417346
2025-05-01,R17,1083576
2025-05-01,R18,860351
2025-06-01,R01,1095418
2025-06-01,R02,987868
2025-06-01,R03,1238981
2025-06-01,R04,1489345
2025-06-01,R05,1496750
2025-06-01,R06,1065712
2025-06-01,R07,898816
2025-06-01,R08,931139
2025-06-01,R09,1048719
2025-06-01,R10,1240912
2025-06-01,R11,914440
2025-06-01,R12,1541007
2025-06-01,R13,1187334
2025-06-01,R14,1147669
2025-06-01,R15,1182894
2025-06-01,R16,1519969
2025-06-01,R17,1283535
2025-06-01,R18,1581927
2025-07-01,R01,954739
2025-07-01,R02,1020084
2025-07-01,R03,1524380
2025-07-01,R04,1168155
2025-07-01,R05,858059
2025-07-01,R06,942174
2025-07-01,R07,1327139
2025-07-01,R08,1131342
2025-07-01,R09,911553
2025-07-01,R10,895141
2025-07-01,R11,916921
2025-07-01,R12,1108174
2025-07-01,R13,1540831
2025-07-01,R14,1395354
2025-07-01,R15,1437231
2025-07-01,R16,890307
2025-07-01,R17,1410895
2025-07-01,R18,867488
2025-08-01,R01,1502610
2025-08-01,R02,919204
2025-08-01,R03,1144894
2025-08-01,R04,960289
2025-08-01,R05,1562439
2025-08-01,R06,1185088
2025-08-01,R07,962868
2025-08-01,R08,1066044
2025-08-01,R09,1211537
2025-08-01,R10,1585012
2025-08-01,R11,954178
2025-08-01,R12,996614
2025-08-01,R13,902080
2025-08-01,R14,1222942
2025-08-01,R15,1580756
2025-08-01,R16,1032583
2025-08-01,R17,1514077
2025-08-01,R18,862992
2025-09-01,R01,1439644
2025-09-01,R02,1125034
2025-09-01,R03,1330230
2025-09-01,R04,993142
2025-09-01,R05,1179497
2025-09-01,R06,878594
2025-09-01,R07,1420579
2025-09-01,R08,972482
2025-09-01,R09,1452518
2025-09-01,R10,1122824
2025-09-01,R11,1564696
2025-09-01,R12,1594781
2025-09-01,R13,1204958
2025-09-01,R14,1483230
2025-09-01,R15,933785
2025-09-01,R16,1397909
2025-09-01,R17,1367637
2025-09-01,R18,1510024
2025-10-01,R01,1568792
2025-10-01,R02,1626283
2025-10-01,R03,1260234
2025-10-01,R04,1362394
2025-10-01,R05,1656083
2025-10-01,R06,1345444
2025-10-01,R07,1657259
2025-10-01,R08,1392469
2025-10-01,R09,1121090
2025-10-01,R10,976430
2025-10-01,R11,1121183
2025-10-01,R12,1263060
2025-10-01,R13,1424760
2025-10-01,R14,1265961
2025-10-01,R15,1769008
2025-10-01,R16,1029680
2025-10-01,R17,1170983
2025-10-01,R18,1413335
2025-11-01,R01,1722448
2025-11-01,R02,1728980
2025-11-01,R03,986202
2025-11-01,R04,1427457
2025-11-01,R05,1551720
2025-11-01,R06,1224549
2025-11-01,R07,1529168
2025-11-01,R08,1173328
2025-11-01,R09,1002253
2025-11-01,R10,1419558
2025-11-01,R11,1057243
2025-11-01,R12,1625686
2025-11-01,R13,1085769
2025-11-01,R14,998056
2025-11-01,R15,1507523
2025-11-01,R16,1487875
2025-11-01,R17,1267358
2025-11-01,R18,1639224
2025-12-01,R01,1207278
2025-12-01,R02,1291015
2025-12-01,R03,1257335
2025-12-01,R04,1762381
2025-12-01,R05,1169257
2025-12-01,R06,1631744
2025-12-01,R07,1140642
2025-12-01,R08,1125097
2025-12-01,R09,1767268
2025-12-01,R10,1278673
2025-12-01,R11,1706171
2025-12-01,R12,1785806
2025-12-01,R13,1752928
2025-12-01,R14,1007600
2025-12-01,R15,1521195
2025-12-01,R16,1371444
2025-12-01,R17,1686593
2025-12-01,R18,1779983
2026-01-01,R01,880744
2026-01-01,R02,1089731
2026-01-01,R03,952560
2026-01-01,R04,852731
2026-01-01,R05,856902
2026-01-01,R06,1142812
2026-01-01,R07,1157438
2026-01-01,R08,1064989
2026-01-01,R09,1330134
2026-01-01,R10,1447435
2026-01-01,R11,1359516
2026-01-01,R12,997288
2026-01-01,R13,1059097
2026-01-01,R14,1355619
2026-01-01,R15,1014422
2026-01-01,R16,850563
2026-01-01,R17,1369482
2026-01-01,R18,832030
2026-02-01,R01,967697
2026-02-01,R02,1099032
2026-02-01,R03,1081432
2026-02-01,R04,1286149
2026-02-01,R05,824767
2026-02-01,R06,1239919
2026-02-01,R07,1358625
2026-02-01,R08,1414483
2026-02-01,R09,830952
2026-02-01,R10,850960
2026-02-01,R11,1383086
2026-02-01,R12,1003465
2026-02-01,R13,1466550
2026-02-01,R14,1056742
2026-02-01,R15,1176084
2026-02-01,R16,1128665
2026-02-01,R17,935940
2026-02-01,R18,904077
2026-03-01,R01,1503453
2026-03-01,R02,1403925
2026-03-01,R03,1239099
2026-03-01,R04,1094923
2026-03-01,R05,943689
2026-03-01,R06,1152082
2026-03-01,R07,1094709
2026-03-01,R08,935566
2026-03-01,R09,912518
2026-03-01,R10,1251885
2026-03-01,R11,891511
2026-03-01,R12,1452902
2026-03-01,R13,1334670
2026-03-01,R14,1494223
2026-03-01,R15,1044087
2026-03-01,R16,1351192
2026-03-01,R17,997202
2026-03-01,R18,1522732
2026-04-01,R01,1559626
2026-04-01,R02,1081459
2026-04-01,R03,1511909
2026-04-01,R04,1428607
2026-04-01,R05,1569118
2026-04-01,R06,1470854
2026-04-01,R07,1227552
2026-04-01,R08,1528353
2026-04-01,R09,1596213
2026-04-01,R10,1167768
2026-04-01,R11,1348550
2026-04-01,R12,1181359
2026-04-01,R13,1585432
2026-04-01,R14,1412909
2026-04-01,R15,962947
2026-04-01,R16,1066384
2026-04-01,R17,980238
2026-04-01,R18,972807
2026-05-01,R01,1049391
2026-05-01,R02,880523
2026-05-01,R03,1296274
2026-05-01,R04,918314
2026-05-01,R05,1445664
2026-05-01,R06,925625
2026-05-01,R07,1071345
2026-05-01,R08,896070
2026-05-01,R09,1285235
2026-05-01,R10,951535
2026-05-01,R11,1573273
2026-05-01,R12,1333981
2026-05-01,R13,1205419
2026-05-01,R14,938760
2026-05-01,R15,933361
2026-05-01,R16,1181961
2026-05-01,R17,1191332
2026-05-01,R18,1128354
2026-06-01,R01,1272707
2026-06-01,R02,1594763
2026-06-01,R03,1246806
2026-06-01,R04,1492848
2026-06-01,R05,1585855
2026-06-01,R06,1175926
2026-06-01,R07,1468881
2026-06-01,R08,851459
2026-06-01,R09,1154712
2026-06-01,R10,1135345
2026-06-01,R11,1552755
2026-06-01,R12,900628
2026-06-01,R13,856806
2026-06-01,R14,1077177
2026-06-01,R15,1361891
2026-06-01,R16,1381205
2026-06-01,R17,1490117
2026-06-01,R18,1313341
2026-07-01,R01,1117738
2026-07-01,R02,1568066
2026-07-01,R03,1242372
2026-07-01,R04,1429145
2026-07-01,R05,1012312
2026-07-01,R06,973547
2026-07-01,R07,1525989
2026-07-01,R08,1174305
2026-07-01,R09,1531683
2026-07-01,R10,1514640
2026-07-01,R11,1029836
2026-07-01,R12,1040589
2026-07-01,R13,1417550
2026-07-01,R14,1229179
2026-07-01,R15,1016063
2026-07-01,R16,1497322
2026-07-01,R17,1059011
2026-07-01,R18,1159223
2026-08-01,R01,1325651
2026-08-01,R02,902511
2026-08-01,R03,1176146
2026-08-01,R04,913421
2026-08-01,R05,1237080
2026-08-01,R06,981257
2026-08-01,R07,1134842
2026-08-01,R08,1068944
2026-08-01,R09,1203679
2026-08-01,R10,1304276
2026-08-01,R11,1537696
2026-08-01,R12,1258991
2026-08-01,R13,1594485
2026-08-01,R14,1105008
2026-08-01,R15,1482891
2026-08-01,R16,1229497
2026-08-01,R17,1138922
2026-08-01,R18,1088706
